true_label,predicted_label,correct
4,4,True
6,6,True
4,4,True
4,4,True
6,6,True
8,8,True
4,4,True
6,6,True
6,6,True
6,6,True
8,8,True
4,8,False
4,4,True
8,8,True
4,4,True
8,8,True
8,8,True
4,4,True
6,6,True
6,6,True
6,6,True
4,4,True
4,4,True
6,4,False
4,4,True
8,8,True
4,4,True
4,4,True
4,4,True
4,4,True
8,8,True
8,8,True
6,6,True
8,8,True
4,4,True
8,8,True
8,8,True
4,4,True
4,4,True
4,4,True
6,6,True
4,4,True
4,4,True
8,8,True
4,4,True
4,4,True
8,8,True
8,8,True
4,4,True
6,6,True
4,4,True
6,6,True
6,6,True
4,4,True
4,4,True
6,6,True
4,4,True
4,4,True
8,8,True
4,4,True
8,8,True
4,4,True
4,4,True
4,4,True
6,6,True
4,6,False
3,4,False
8,8,True
8,8,True
4,4,True
8,8,True
8,8,True
4,4,True
4,5,False
6,6,True
4,4,True
8,8,True
4,4,True
4,4,True
