weight,sweetness,size,class
221,4,7,Orange
110,7,6,Banana
199,6,8,Orange
209,5,8,Orange
193,9,8,Apple
114,7,5,Banana
153,6,8,Orange
176,7,6,Apple
147,7,7,Apple
132,8,6,Banana
113,8,5,Banana
187,5,7,Orange
175,10,6,Apple
178,5,6,Apple
152,8,7,Apple
152,9,5,Banana
113,9,5,Banana
117,7,6,Banana
166,6,7,Apple
205,6,8,Orange
204,7,8,Apple
183,8,8,Apple
182,5,9,Orange
146,9,8,Banana
180,7,7,Orange
199,5,8,Orange
171,6,7,Orange
112,8,6,Banana
217,4,9,Orange
219,6,8,Orange
118,9,7,Banana
195,6,9,Orange
166,10,8,Apple
196,7,6,Apple
123,10,6,Banana
100,10,4,Banana
203,4,8,Orange
98,8,6,Banana
132,7,5,Banana
212,6,8,Orange
226,4,6,Orange
171,6,8,Orange
174,8,6,Apple
176,6,6,Apple
129,8,6,Banana
172,6,7,Apple
235,6,6,Orange
168,6,7,Orange
159,8,5,Apple
189,7,7,Apple
196,6,7,Orange
143,5,9,Orange
171,8,6,Apple
192,6,9,Orange
165,6,6,Apple
218,8,7,Orange
173,8,6,Apple
134,7,5,Banana
126,8,4,Banana
123,8,5,Banana
183,7,5,Apple
211,8,8,Apple
208,5,9,Orange
174,5,8,Apple
186,7,7,Apple
183,9,7,Apple
206,5,8,Orange
185,6,7,Orange
134,8,4,Banana
161,7,5,Apple
181,9,7,Apple
133,8,5,Apple
208,4,8,Orange
183,6,8,Orange
227,6,7,Orange
127,8,7,Apple
107,10,4,Banana
189,4,7,Orange
157,7,8,Apple
119,10,5,Banana
194,7,6,Apple
201,7,7,Orange
157,8,8,Apple
193,6,7,Orange
160,7,6,Apple
176,8,7,Apple
178,5,8,Orange
193,5,7,Orange
122,10,5,Banana
106,8,7,Banana
116,10,6,Banana
170,10,5,Apple
118,9,6,Banana
118,10,6,Banana
139,9,5,Banana
143,9,5,Banana
195,10,7,Apple
102,9,5,Banana
97,8,6,Banana
196,6,8,Orange
149,8,5,Apple
201,6,6,Apple
117,8,4,Banana
122,8,5,Banana
120,9,5,Banana
136,8,6,Apple
156,8,5,Banana
174,7,8,Apple
106,10,5,Banana
173,7,9,Orange
114,7,6,Banana
201,6,7,Apple
127,7,6,Banana
143,3,6,Orange
132,9,5,Banana
199,4,7,Orange
90,8,6,Banana
176,5,6,Orange
186,7,6,Orange
163,8,7,Apple
149,8,7,Apple
180,8,8,Orange
118,8,7,Banana
184,6,8,Orange
173,5,6,Orange
180,6,4,Apple
194,5,9,Orange
99,8,6,Banana
106,8,6,Banana
175,5,7,Orange
148,8,7,Apple
156,9,7,Apple
158,7,6,Apple
187,6,8,Orange
198,5,9,Orange
169,8,7,Apple
155,8,6,Apple
208,5,7,Orange
214,5,8,Orange
173,7,7,Orange
188,8,6,Apple
199,6,7,Orange
169,7,7,Apple
192,6,8,Orange
223,6,8,Orange
119,8,7,Banana
138,9,7,Banana
190,5,8,Orange
169,8,6,Apple
207,5,8,Orange
165,5,7,Orange
95,9,5,Banana
171,8,7,Apple
161,6,8,Orange
128,8,6,Banana
126,8,5,Banana
184,6,5,Apple
216,5,7,Orange
157,6,7,Orange
105,7,5,Banana
219,5,8,Orange
203,5,7,Orange
91,9,4,Banana
115,8,6,Banana
135,9,6,Banana
160,8,5,Apple
196,8,7,Apple
106,10,6,Banana
177,5,8,Orange
112,10,4,Banana
192,6,7,Orange
201,5,8,Orange
218,5,7,Orange
159,7,6,Apple
144,7,7,Apple
137,9,5,Banana
201,5,7,Orange
164,8,8,Apple
224,5,8,Orange
219,5,7,Orange
159,6,7,Apple
192,4,8,Orange
181,6,7,Apple
183,5,8,Orange
195,4,7,Orange
160,8,7,Apple
222,7,6,Orange
218,6,7,Orange
171,9,7,Apple
194,7,9,Orange
210,7,7,Orange
113,8,4,Banana
160,6,8,Orange
190,8,7,Apple
194,5,8,Orange
230,6,7,Orange
143,9,6,Banana
139,9,4,Banana
152,7,6,Apple
167,9,6,Apple
128,9,5,Banana
182,8,6,Apple
145,7,7,Apple
132,7,6,Banana
188,7,7,Apple
115,9,5,Banana
111,9,5,Banana
169,6,6,Apple
172,8,7,Apple
116,9,5,Banana
171,7,7,Apple
148,8,5,Banana
170,8,7,Apple
171,7,6,Apple
130,9,5,Banana
162,8,6,Apple
160,6,6,Orange
161,6,6,Apple
123,9,5,Banana
182,9,6,Apple
167,7,6,Apple
134,8,5,Banana
109,8,6,Banana
195,7,6,Apple
115,7,6,Banana
136,7,6,Apple
99,7,4,Banana
137,9,4,Banana
140,9,6,Banana
174,7,7,Apple
179,6,7,Orange
165,8,8,Apple
100,9,5,Banana
162,5,8,Orange
127,10,6,Banana
155,6,7,Apple
175,10,7,Apple
197,4,7,Orange
121,8,5,Banana
81,10,5,Banana
111,9,6,Banana
134,8,7,Apple
122,8,6,Banana
91,9,6,Banana
152,8,8,Apple
166,6,7,Orange
198,6,8,Orange
175,4,7,Orange
161,6,7,Apple
217,3,8,Orange
133,7,5,Banana
193,4,7,Orange
123,7,6,Banana
120,8,5,Banana
156,10,5,Banana
183,7,6,Apple
133,6,7,Apple
172,6,7,Orange
108,9,6,Banana
192,7,8,Apple
185,4,8,Orange
222,6,6,Orange
131,9,5,Banana
185,6,9,Orange
116,8,5,Banana
99,9,5,Banana
159,10,6,Banana
191,6,8,Orange
112,9,7,Banana
179,7,8,Apple
197,5,9,Orange
125,9,4,Banana
153,7,6,Banana
157,9,7,Apple
110,8,3,Banana
188,8,9,Apple
117,9,6,Banana
154,9,6,Banana
197,5,7,Orange
117,9,5,Banana
204,6,8,Orange
143,7,7,Apple
139,9,6,Banana
181,6,8,Orange
178,8,7,Apple
114,9,5,Banana
138,6,4,Banana
221,5,8,Orange
196,7,5,Apple
181,7,6,Apple
141,7,7,Apple
179,7,7,Apple
128,8,5,Banana
191,5,7,Orange
136,10,5,Banana
164,9,7,Apple
180,4,8,Orange
184,4,8,Orange
133,9,5,Banana
182,6,7,Apple
