True,Linear,Polynomial,RBF,True Name,Linear Name,Polynomial Name,RBF Name
1,0,1,1,Honda,BMW,Honda,Honda
0,1,1,1,BMW,Honda,Honda,Honda
1,1,0,0,Honda,Honda,BMW,BMW
0,1,1,1,BMW,Honda,Honda,Honda
1,1,1,1,Honda,Honda,Honda,Honda
0,1,1,0,BMW,Honda,Honda,BMW
1,1,1,1,Honda,Honda,Honda,Honda
0,0,1,1,BMW,BMW,Honda,Honda
0,0,0,0,BMW,BMW,BMW,BMW
1,1,1,1,Honda,Honda,Honda,Honda
1,1,1,1,Honda,Honda,Honda,Honda
0,0,1,1,BMW,BMW,Honda,Honda
0,1,0,0,BMW,Honda,BMW,BMW
1,0,0,0,Honda,BMW,BMW,BMW
0,0,1,0,BMW,BMW,Honda,BMW
1,1,1,1,Honda,Honda,Honda,Honda
0,1,1,0,BMW,Honda,Honda,BMW
1,1,1,1,Honda,Honda,Honda,Honda
1,0,0,0,Honda,BMW,BMW,BMW
0,1,0,0,BMW,Honda,BMW,BMW
1,1,1,1,Honda,Honda,Honda,Honda
0,1,0,0,BMW,Honda,BMW,BMW
1,0,0,0,Honda,BMW,BMW,BMW
1,0,1,1,Honda,BMW,Honda,Honda
1,0,1,1,Honda,BMW,Honda,Honda
0,0,0,0,BMW,BMW,BMW,BMW
1,1,1,0,Honda,Honda,Honda,BMW
0,0,1,0,BMW,BMW,Honda,BMW
0,0,1,0,BMW,BMW,Honda,BMW
0,1,1,0,BMW,Honda,Honda,BMW
