name,economy (mpg),cylinders,displacement (cc),power (hp),weight (lb),0-60 mph (s),year,cluster
AMC Ambassador Brougham,13.0,8,360.0,175.0,3821,11.0,73,3
AMC Ambassador DPL,15.0,8,390.0,190.0,3850,8.5,70,3
AMC Ambassador SST,17.0,8,304.0,150.0,3672,11.5,72,3
AMC Concord DL 6,20.2,6,232.0,90.0,3265,18.2,79,2
AMC Concord DL,18.1,6,258.0,120.0,3410,15.1,78,2
AMC Concord,19.4,6,232.0,90.0,3210,17.2,78,2
AMC Concord,24.3,4,151.0,90.0,3003,20.1,80,0
AMC Gremlin,18.0,6,232.0,100.0,2789,15.0,73,2
AMC Gremlin,19.0,6,232.0,100.0,2634,13.0,71,2
AMC Gremlin,20.0,6,232.0,100.0,2914,16.0,75,2
AMC Gremlin,21.0,6,199.0,90.0,2648,15.0,70,1
AMC Hornet Sportabout (Wagon),18.0,6,258.0,110.0,2962,13.5,71,2
AMC Hornet,18.0,6,199.0,97.0,2774,15.5,70,2
AMC Hornet,18.0,6,232.0,100.0,2945,16.0,73,2
AMC Hornet,19.0,6,232.0,100.0,2901,16.0,74,2
AMC Hornet,22.5,6,232.0,90.0,3085,17.6,76,2
AMC Matador (Wagon),14.0,8,304.0,150.0,4257,15.5,74,3
AMC Matador (Wagon),15.0,8,304.0,150.0,3892,12.5,72,3
AMC Matador,14.0,8,304.0,150.0,3672,11.5,73,3
AMC Matador,15.0,6,258.0,110.0,3730,19.0,75,2
AMC Matador,15.5,8,304.0,120.0,3962,13.9,76,3
AMC Matador,16.0,6,258.0,110.0,3632,18.0,74,2
AMC Matador,18.0,6,232.0,100.0,3288,15.5,71,2
AMC Pacer D/L,17.5,6,258.0,95.0,3193,17.8,76,2
AMC Pacer,19.0,6,232.0,90.0,3211,17.0,75,2
AMC Rebel SST,16.0,8,304.0,150.0,3433,12.0,70,3
AMC Spirit DL,27.4,4,121.0,80.0,2670,15.0,79,0
Audi 100 LS,20.0,4,114.0,91.0,2582,14.0,73,1
Audi 100 LS,23.0,4,115.0,95.0,2694,15.0,75,1
Audi 100 LS,24.0,4,107.0,90.0,2430,14.5,70,1
Audi 4000,34.3,4,97.0,78.0,2188,15.8,80,0
Audi 5000,20.3,5,131.0,103.0,2830,15.9,78,2
Audi 5000S (Diesel),36.4,5,121.0,67.0,2950,19.9,80,0
Audi Fox,29.0,4,98.0,83.0,2219,16.5,74,1
BMW 2002,26.0,4,121.0,113.0,2234,12.5,70,1
BMW 320i,21.5,4,121.0,110.0,2600,12.8,77,1
Buick Century 350,13.0,8,350.0,175.0,4100,13.0,73,3
Buick Century Limited,25.0,6,181.0,110.0,2945,16.4,82,2
Buick Century Luxus (Wagon),13.0,8,350.0,150.0,4699,14.5,74,3
Buick Century Special,20.6,6,231.0,105.0,3380,15.8,78,2
Buick Century,17.0,6,231.0,110.0,3907,21.0,75,2
Buick Century,22.4,6,231.0,110.0,3415,15.8,81,2
Buick Electra 225 Custom,12.0,8,455.0,225.0,4951,11.0,73,3
Buick Estate Wagon (Wagon),14.0,8,455.0,225.0,3086,10.0,70,3
Buick Estate Wagon (Wagon),16.9,8,350.0,155.0,4360,14.9,79,3
Buick Lesabre Custom,13.0,8,350.0,155.0,4502,13.5,72,3
Buick Opel Isuzu Deluxe,30.0,4,111.0,80.0,2155,14.8,77,0
Buick Regal Sport Coupe (Turbo),17.7,6,231.0,165.0,3445,13.4,78,2
Buick Skyhawk,21.0,6,231.0,110.0,3039,15.0,75,2
Buick Skylark 320,15.0,8,350.0,165.0,3693,11.5,70,3
Buick Skylark Limited,28.4,4,151.0,90.0,2670,16.0,79,0
Buick Skylark,20.5,6,231.0,105.0,3425,16.9,77,2
Buick Skylark,26.6,4,151.0,84.0,2635,16.4,81,0
Cadillac Eldorado,23.0,8,350.0,125.0,3900,17.4,79,2
Cadillac Seville,16.5,8,350.0,180.0,4380,12.1,76,3
Chevroelt Chevelle Malibu,16.0,6,250.0,105.0,3897,18.5,75,2
Chevrolet Bel Air,15.0,8,350.0,145.0,4440,14.0,75,3
Chevrolet Camaro,27.0,4,151.0,90.0,2950,17.3,82,0
Chevrolet Caprice Classic,13.0,8,400.0,150.0,4464,12.0,73,3
Chevrolet Caprice Classic,17.0,8,305.0,130.0,3840,15.4,79,2
Chevrolet Caprice Classic,17.5,8,305.0,145.0,3880,12.5,77,3
Chevrolet Cavalier 2-Door,34.0,4,112.0,88.0,2395,18.0,82,0
Chevrolet Cavalier Wagon,27.0,4,112.0,88.0,2640,18.6,82,0
Chevrolet Cavalier,28.0,4,112.0,88.0,2605,19.6,82,0
Chevrolet Chevelle Concours (Wagon),13.0,8,307.0,130.0,4098,14.0,72,3
Chevrolet Chevelle Malibu Classic,16.0,6,250.0,100.0,3781,17.0,74,2
Chevrolet Chevelle Malibu Classic,17.5,8,305.0,140.0,4215,13.0,76,3
Chevrolet Chevelle Malibu,17.0,6,250.0,100.0,3329,15.5,71,2
Chevrolet Chevelle Malibu,18.0,8,307.0,130.0,3504,12.0,70,3
Chevrolet Chevette,29.0,4,85.0,52.0,2035,22.2,76,0
Chevrolet Chevette,30.0,4,98.0,68.0,2155,16.5,78,0
Chevrolet Chevette,30.5,4,98.0,63.0,2051,17.0,77,0
Chevrolet Chevette,32.1,4,98.0,70.0,2120,15.5,80,0
Chevrolet Citation,23.5,6,173.0,110.0,2725,12.6,81,2
Chevrolet Citation,28.0,4,151.0,90.0,2678,16.5,80,0
Chevrolet Citation,28.8,6,173.0,115.0,2595,11.3,79,2
Chevrolet Concours,17.5,6,250.0,110.0,3520,16.4,77,2
Chevrolet Impala,11.0,8,400.0,150.0,4997,14.0,73,3
Chevrolet Impala,13.0,8,350.0,165.0,4274,12.0,72,3
Chevrolet Impala,14.0,8,350.0,165.0,4209,12.0,71,3
Chevrolet Impala,14.0,8,454.0,220.0,4354,9.0,70,3
Chevrolet Malibu Classic (Wagon),19.2,8,267.0,125.0,3605,15.0,79,2
Chevrolet Malibu,13.0,8,350.0,145.0,3988,13.0,73,3
Chevrolet Malibu,20.5,6,200.0,95.0,3155,18.2,78,2
Chevrolet Monte Carlo Landau,15.5,8,350.0,170.0,4165,11.4,77,3
Chevrolet Monte Carlo Landau,19.2,8,305.0,145.0,3425,13.2,78,3
Chevrolet Monte Carlo S,15.0,8,350.0,145.0,4082,13.0,73,3
Chevrolet Monte Carlo,15.0,8,400.0,150.0,3761,9.5,70,3
Chevrolet Monza 2+2,20.0,8,262.0,110.0,3221,13.5,75,2
Chevrolet Nova Custom,16.0,6,250.0,100.0,3278,18.0,73,2
Chevrolet Nova,15.0,6,250.0,100.0,3336,17.0,74,2
Chevrolet Nova,18.0,6,250.0,105.0,3459,16.0,75,2
Chevrolet Nova,22.0,6,250.0,105.0,3353,14.5,76,2
Chevrolet Vega (Wagon),22.0,4,140.0,72.0,2408,19.0,71,1
Chevrolet Vega 2300,28.0,4,140.0,90.0,2264,15.5,71,1
Chevrolet Vega,20.0,4,140.0,90.0,2408,19.5,72,1
Chevrolet Vega,21.0,4,140.0,72.0,2401,19.5,73,1
Chevrolet Vega,25.0,4,140.0,75.0,2542,17.0,74,1
Chevrolet Woody,24.5,4,98.0,60.0,2164,22.1,76,1
Chevy C10,13.0,8,350.0,145.0,4055,12.0,76,3
Chevy C20,10.0,8,307.0,200.0,4376,15.0,70,3
Chevy S-10,31.0,4,119.0,82.0,2720,19.4,82,0
Chrysler Cordoba,15.5,8,400.0,190.0,4325,12.2,77,3
Chrysler Lebaron Medallion,26.0,4,156.0,92.0,2585,14.5,82,0
Chrysler Lebaron Salon,17.6,6,225.0,85.0,3465,16.6,81,2
Chrysler Lebaron Town & Country (Wagon),18.5,8,360.0,150.0,3940,13.0,79,3
Chrysler New Yorker Brougham,13.0,8,440.0,215.0,4735,11.0,73,3
Chrysler Newport Royal,13.0,8,400.0,190.0,4422,12.5,72,3
Datsun 1200,35.0,4,72.0,69.0,1613,18.0,71,1
Datsun 200SX,23.9,4,119.0,97.0,2405,14.9,78,1
Datsun 200SX,32.9,4,119.0,100.0,2615,14.8,81,0
Datsun 210,31.8,4,85.0,65.0,2020,19.2,79,0
Datsun 210,37.0,4,85.0,65.0,1975,19.4,81,0
Datsun 210,40.8,4,85.0,65.0,2110,19.2,80,0
Datsun 280ZX,32.7,6,168.0,132.0,2910,11.4,80,0
Datsun 310 GX,38.0,4,91.0,67.0,1995,16.2,82,0
Datsun 310,37.2,4,86.0,65.0,2019,16.4,80,0
Datsun 510 (Wagon),28.0,4,97.0,92.0,2288,17.0,72,1
Datsun 510 Hatchback,37.0,4,119.0,92.0,2434,15.0,80,0
Datsun 510,27.2,4,119.0,97.0,2300,14.7,78,0
Datsun 610,22.0,4,108.0,94.0,2379,16.5,73,1
Datsun 710,24.0,4,119.0,97.0,2545,17.0,75,1
Datsun 710,32.0,4,83.0,61.0,2003,19.0,74,1
Datsun 810 Maxima,24.2,6,146.0,120.0,2930,13.8,81,2
Datsun 810,22.0,6,146.0,97.0,2815,14.5,77,2
Datsun B-210,32.0,4,85.0,70.0,1990,17.0,76,0
Datsun B210 GX,39.4,4,85.0,70.0,2070,18.6,78,0
Datsun B210,31.0,4,79.0,67.0,1950,19.0,74,1
Datsun F-10 Hatchback,33.5,4,85.0,70.0,1945,16.8,77,0
Datsun PL510,27.0,4,97.0,88.0,2130,14.5,70,1
Datsun PL510,27.0,4,97.0,88.0,2130,14.5,71,1
Dodge Aries SE,29.0,4,135.0,84.0,2525,16.0,82,0
Dodge Aries Wagon (Wagon),25.8,4,156.0,92.0,2620,14.4,81,0
Dodge Aspen 6,20.6,6,225.0,110.0,3360,16.6,79,2
Dodge Aspen SE,20.0,6,225.0,100.0,3651,17.7,76,2
Dodge Aspen,18.6,6,225.0,110.0,3620,18.7,78,2
Dodge Aspen,19.1,6,225.0,90.0,3381,18.7,80,2
Dodge Challenger SE,15.0,8,383.0,170.0,3563,10.0,70,3
Dodge Charger 2.2,36.0,4,135.0,84.0,2370,13.0,82,0
Dodge Colt (Wagon),28.0,4,98.0,80.0,2164,15.0,72,1
Dodge Colt Hardtop,25.0,4,97.5,80.0,2126,17.0,72,1
Dodge Colt Hatchback Custom,35.7,4,98.0,80.0,1915,14.4,79,0
Dodge Colt M/M,33.5,4,98.0,83.0,2075,15.9,77,0
Dodge Colt,26.0,4,98.0,79.0,2255,17.7,76,1
Dodge Colt,27.9,4,156.0,105.0,2800,14.4,80,0
Dodge Colt,28.0,4,90.0,75.0,2125,14.5,74,1
Dodge Coronet Brougham,16.0,8,318.0,150.0,4190,13.0,76,3
Dodge Coronet Custom (Wagon),14.0,8,318.0,150.0,4457,13.5,74,3
Dodge Coronet Custom,15.0,8,318.0,150.0,3777,12.5,73,3
Dodge D100,13.0,8,318.0,150.0,3755,14.0,76,3
Dodge D200,11.0,8,318.0,210.0,4382,13.5,70,3
Dodge Dart Custom,15.0,8,318.0,150.0,3399,11.0,73,3
Dodge Diplomat,19.4,8,318.0,140.0,3735,13.2,78,3
Dodge Magnum XE,17.5,8,318.0,140.0,4080,13.7,78,3
Dodge Monaco (Wagon),12.0,8,383.0,180.0,4955,11.5,71,3
Dodge Monaco Brougham,15.5,8,318.0,145.0,4140,13.7,77,3
Dodge Omni,30.9,4,105.0,75.0,2230,14.5,78,0
Dodge Rampage,32.0,4,135.0,84.0,2295,11.6,82,0
Dodge St. Regis,18.2,8,318.0,135.0,3830,15.2,79,2
Fiat 124 Sport Coupe,26.0,4,98.0,90.0,2265,15.5,73,1
Fiat 124 TC,26.0,4,116.0,75.0,2246,14.0,74,1
Fiat 124B,30.0,4,88.0,76.0,2065,14.5,71,1
Fiat 128,24.0,4,90.0,75.0,2108,15.5,74,1
Fiat 128,29.0,4,68.0,49.0,1867,19.5,73,1
Fiat 131,28.0,4,107.0,86.0,2464,15.5,76,1
Fiat Strada Custom,37.3,4,91.0,69.0,2130,14.7,79,0
Fiat X1.9,31.0,4,79.0,67.0,2000,16.0,74,1
Ford Capri II,25.0,4,140.0,92.0,2572,14.9,76,1
Ford Country Squire (Wagon),13.0,8,400.0,170.0,4746,12.0,71,3
Ford Country Squire (Wagon),15.5,8,351.0,142.0,4054,14.3,79,3
Ford Country,12.0,8,400.0,167.0,4906,12.5,73,3
Ford Escort 2H,29.9,4,98.0,65.0,2380,20.7,81,0
Ford Escort 4W,34.4,4,98.0,65.0,2045,16.2,81,0
Ford F108,13.0,8,302.0,130.0,3870,15.0,76,3
Ford F250,10.0,8,360.0,215.0,4615,14.0,70,3
Ford Fairmont (Auto),20.2,6,200.0,85.0,2965,15.8,78,2
Ford Fairmont (Man),25.1,4,140.0,88.0,2720,15.4,78,1
Ford Fairmont 4,22.3,4,140.0,88.0,2890,17.3,79,0
Ford Fairmont Futura,24.0,4,140.0,92.0,2865,16.4,82,0
Ford Fairmont,26.4,4,140.0,88.0,2870,18.1,80,0
Ford Fiesta,36.1,4,98.0,66.0,1800,14.4,78,0
Ford Futura,18.1,8,302.0,139.0,3205,11.2,78,3
Ford Galaxie 500,14.0,8,351.0,153.0,4129,13.0,72,3
Ford Galaxie 500,14.0,8,351.0,153.0,4154,13.5,71,3
Ford Galaxie 500,15.0,8,429.0,198.0,4341,10.0,70,3
Ford Gran Torino (Wagon),13.0,8,302.0,140.0,4294,16.0,72,3
Ford Gran Torino (Wagon),14.0,8,302.0,140.0,4638,16.0,74,3
Ford Gran Torino,14.0,8,302.0,137.0,4042,14.5,73,3
Ford Gran Torino,14.5,8,351.0,152.0,4215,12.8,76,3
Ford Gran Torino,16.0,8,302.0,140.0,4141,14.0,74,3
Ford Granada Ghia,18.0,6,250.0,78.0,3574,21.0,76,2
Ford Granada GL,20.2,6,200.0,88.0,3060,17.1,81,2
Ford Granada L,22.0,6,232.0,112.0,2835,14.7,82,2
Ford Granada,18.5,6,250.0,98.0,3525,19.0,77,2
Ford LTD Landau,17.6,8,302.0,129.0,3725,13.4,79,3
Ford LTD,13.0,8,351.0,158.0,4363,13.0,73,3
Ford LTD,14.0,8,351.0,148.0,4657,13.5,75,3
Ford Maverick,15.0,6,250.0,72.0,3158,19.5,75,2
Ford Maverick,18.0,6,250.0,88.0,3021,16.5,73,2
Ford Maverick,21.0,6,200.0,85.0,2587,16.0,70,1
Ford Maverick,24.0,6,200.0,81.0,3012,17.6,76,2
Ford Mustang GL,27.0,4,140.0,86.0,2790,15.6,82,0
Ford Mustang II 2+2,25.5,4,140.0,89.0,2755,15.8,77,1
Ford Mustang II,13.0,8,302.0,129.0,3169,12.0,75,3
Ford Mustang,18.0,6,250.0,88.0,3139,14.5,71,2
Ford Pinto (Wagon),22.0,4,122.0,86.0,2395,16.0,72,1
Ford Pinto Runabout,21.0,4,122.0,86.0,2226,16.5,72,1
Ford Pinto,18.0,6,171.0,97.0,2984,14.5,75,2
Ford Pinto,19.0,4,122.0,85.0,2310,18.5,73,1
Ford Pinto,23.0,4,140.0,83.0,2639,17.0,75,1
Ford Pinto,26.0,4,122.0,80.0,2451,16.5,74,1
Ford Pinto,26.5,4,140.0,72.0,2565,13.6,76,1
Ford Ranger,28.0,4,120.0,79.0,2625,18.6,82,0
Ford Thunderbird,16.0,8,351.0,149.0,4335,14.5,77,3
Ford Torino 500,19.0,6,250.0,88.0,3302,15.5,71,2
Ford Torino,17.0,8,302.0,140.0,3449,10.5,70,3
Hi 1200D,9.0,8,304.0,193.0,4732,18.5,70,3
Honda Accord CVCC,31.5,4,98.0,68.0,2045,18.5,77,0
Honda Accord LX,29.5,4,98.0,68.0,2135,16.6,78,0
Honda Accord,32.4,4,107.0,72.0,2290,17.0,80,0
Honda Accord,36.0,4,107.0,75.0,2205,14.5,82,0
Honda Civic (Auto),32.0,4,91.0,67.0,1965,15.7,82,0
Honda Civic 1300,35.1,4,81.0,60.0,1760,16.1,81,0
Honda Civic 1500 GL,44.6,4,91.0,67.0,1850,13.8,80,0
Honda Civic CVCC,33.0,4,91.0,53.0,1795,17.5,75,1
Honda Civic CVCC,36.1,4,91.0,60.0,1800,16.4,78,0
Honda Civic,24.0,4,120.0,97.0,2489,15.0,74,1
Honda Civic,33.0,4,91.0,53.0,1795,17.4,76,0
Honda Civic,38.0,4,91.0,67.0,1965,15.0,82,0
Honda Prelude,33.7,4,107.0,75.0,2210,14.4,81,0
Maxda GLC Deluxe,34.1,4,86.0,65.0,1975,15.2,79,0
Maxda RX-3,18.0,3,70.0,90.0,2124,13.5,73,1
Mazda 626,31.3,4,120.0,75.0,2542,17.5,80,0
Mazda 626,31.6,4,120.0,74.0,2635,18.3,81,0
Mazda GLC 4,34.1,4,91.0,68.0,1985,16.0,81,0
Mazda GLC Custom L,37.0,4,91.0,68.0,2025,18.2,82,0
Mazda GLC Custom,31.0,4,91.0,68.0,1970,17.6,82,0
Mazda GLC Deluxe,32.8,4,78.0,52.0,1985,19.4,78,0
Mazda GLC,46.6,4,86.0,65.0,2110,17.9,80,0
Mazda RX-2 Coupe,19.0,3,70.0,97.0,2330,13.5,72,1
Mazda RX-4,21.5,3,80.0,110.0,2720,13.5,77,1
Mazda RX-7 Gs,23.7,3,70.0,100.0,2420,12.5,80,0
Mercedes-Benz 240D,30.0,4,146.0,67.0,3250,21.8,80,0
Mercedes-Benz 280S,16.5,6,168.0,120.0,3820,16.7,76,2
Mercedes-Benz 300D,25.4,5,183.0,77.0,3530,20.1,79,2
Mercury Capri 2000,23.0,4,122.0,86.0,2220,14.0,71,1
Mercury Capri V6,21.0,6,155.0,107.0,2472,14.0,73,1
Mercury Cougar Brougham,15.0,8,302.0,130.0,4295,14.9,77,3
Mercury Grand Marquis,16.5,8,351.0,138.0,3955,13.2,79,3
Mercury Lynx L,36.0,4,98.0,70.0,2125,17.3,82,0
Mercury Marquis Brougham,12.0,8,429.0,198.0,4952,11.5,73,3
Mercury Marquis,11.0,8,429.0,208.0,4633,11.0,72,3
Mercury Monarch Ghia,20.2,8,302.0,139.0,3570,12.8,78,3
Mercury Monarch,15.0,6,250.0,72.0,3432,21.0,75,2
Mercury Zephyr 6,19.8,6,200.0,85.0,2990,18.2,79,2
Mercury Zephyr,20.8,6,200.0,85.0,3070,16.7,78,2
Nissan Stanza XE,36.0,4,120.0,88.0,2160,14.5,82,0
Oldsmobile Cutlass Ciera (Diesel),38.0,6,262.0,85.0,3015,17.0,82,0
Oldsmobile Cutlass LS,26.6,8,350.0,105.0,3725,19.0,81,2
Oldsmobile Cutlass Salon Brougham,19.9,8,260.0,110.0,3365,15.5,78,2
Oldsmobile Cutlass Salon Brougham,23.9,8,260.0,90.0,3420,22.2,79,2
Oldsmobile Cutlass Supreme,17.0,8,260.0,110.0,4060,19.0,77,2
Oldsmobile Delta 88 Royale,12.0,8,350.0,160.0,4456,13.5,72,3
Oldsmobile Omega Brougham,26.8,6,173.0,115.0,2700,12.9,79,2
Oldsmobile Omega,11.0,8,350.0,180.0,3664,11.0,73,3
Oldsmobile Starfire SX,23.8,4,151.0,85.0,2855,17.6,78,1
Oldsmobile Vista Cruiser,12.0,8,350.0,180.0,4499,12.5,73,3
Opel 1900,25.0,4,116.0,81.0,2220,16.9,76,1
Opel 1900,28.0,4,116.0,90.0,2123,14.0,71,1
Opel Manta,24.0,4,116.0,75.0,2158,15.5,73,1
Opel Manta,26.0,4,97.0,78.0,2300,14.5,74,1
Peugeot 304,30.0,4,79.0,70.0,2074,19.5,71,1
Peugeot 504 (Wagon),21.0,4,120.0,87.0,2979,19.5,72,1
Peugeot 504,19.0,4,120.0,88.0,3270,21.9,76,1
Peugeot 504,23.0,4,120.0,88.0,2957,17.0,75,1
Peugeot 504,25.0,4,110.0,87.0,2672,17.5,70,1
Peugeot 504,27.2,4,141.0,71.0,3190,24.8,79,0
Peugeot 505S Turbo Diesel,28.1,4,141.0,80.0,3230,20.4,81,0
Peugeot 604SL,16.2,6,163.0,133.0,3410,15.8,78,2
Plymouth Arrow GS,25.5,4,122.0,96.0,2300,15.5,77,1
Plymouth Barracuda 340,14.0,8,340.0,160.0,3609,8.0,70,3
Plymouth Champ,39.0,4,86.0,64.0,1875,16.4,81,0
Plymouth Cricket,26.0,4,91.0,70.0,1955,20.5,71,1
Plymouth Custom Suburb,13.0,8,360.0,170.0,4654,13.0,73,3
Plymouth Duster,20.0,6,198.0,95.0,3102,16.5,74,2
Plymouth Duster,22.0,6,198.0,95.0,2833,15.5,70,2
Plymouth Duster,23.0,6,198.0,95.0,2904,16.0,73,2
Plymouth Fury Gran Sedan,14.0,8,318.0,150.0,4237,14.5,73,3
Plymouth Fury III,14.0,8,318.0,150.0,4096,13.0,71,3
Plymouth Fury III,14.0,8,440.0,215.0,4312,8.5,70,3
Plymouth Fury III,15.0,8,318.0,150.0,4135,13.5,72,3
Plymouth Fury,18.0,6,225.0,95.0,3785,19.0,75,2
Plymouth Grand Fury,16.0,8,318.0,150.0,4498,14.5,75,3
Plymouth Horizon 4,34.7,4,105.0,63.0,2215,14.9,81,0
Plymouth Horizon Miser,38.0,4,105.0,63.0,2125,14.7,82,0
Plymouth Horizon TC3,34.5,4,105.0,70.0,2150,14.9,79,0
Plymouth Horizon,34.2,4,105.0,70.0,2200,13.2,79,0
Plymouth Reliant,27.2,4,135.0,84.0,2490,15.7,81,0
Plymouth Reliant,30.0,4,135.0,84.0,2385,12.9,81,0
Plymouth Sapporo,23.2,4,156.0,105.0,2745,16.7,78,1
Plymouth Satellite Custom (Wagon),14.0,8,318.0,150.0,4077,14.0,72,3
Plymouth Satellite Custom,16.0,6,225.0,105.0,3439,15.5,71,2
Plymouth Satellite Sebring,18.0,6,225.0,105.0,3613,16.5,74,2
Plymouth Satellite,18.0,8,318.0,150.0,3436,11.0,70,3
Plymouth Valiant Custom,19.0,6,225.0,95.0,3264,16.0,75,2
Plymouth Valiant,18.0,6,225.0,105.0,3121,16.5,73,2
Plymouth Valiant,22.0,6,225.0,100.0,3233,15.4,76,2
Plymouth Volare Custom,19.0,6,225.0,100.0,3630,17.7,77,2
Plymouth Volare Premier V8,13.0,8,318.0,150.0,3940,13.2,76,3
Plymouth Volare,20.5,6,225.0,100.0,3430,17.2,78,2
Pontiac Astro,23.0,4,140.0,78.0,2592,18.5,75,1
Pontiac Catalina Brougham,14.0,8,400.0,175.0,4464,11.5,71,3
Pontiac Catalina,14.0,8,400.0,175.0,4385,12.0,72,3
Pontiac Catalina,14.0,8,455.0,225.0,4425,10.0,70,3
Pontiac Catalina,16.0,8,400.0,170.0,4668,11.5,75,3
Pontiac Firebird,19.0,6,250.0,100.0,3282,15.0,71,2
Pontiac Grand Prix Lj,16.0,8,400.0,180.0,4220,11.1,77,3
Pontiac Grand Prix,16.0,8,400.0,230.0,4278,9.5,73,3
Pontiac J2000 Se Hatchback,31.0,4,112.0,85.0,2575,16.2,82,0
Pontiac Lemans V6,21.5,6,231.0,115.0,3245,15.4,79,2
Pontiac Phoenix LJ,19.2,6,231.0,105.0,3535,19.2,78,2
Pontiac Phoenix,27.0,4,151.0,90.0,2735,18.0,82,0
Pontiac Phoenix,33.5,4,151.0,90.0,2556,13.2,79,0
Pontiac Safari (Wagon),13.0,8,400.0,175.0,5140,12.0,71,3
Pontiac Sunbird Coupe,24.5,4,151.0,88.0,2740,16.0,77,1
Pontiac Ventura Sj,18.5,6,250.0,110.0,3645,16.2,76,2
Renault 12 (Wagon),26.0,4,96.0,69.0,2189,18.0,72,1
Renault 12TL,27.0,4,101.0,83.0,2202,15.3,76,1
Renault 5 Gtl,36.0,4,79.0,58.0,1825,18.6,77,0
Saab 99E,25.0,4,104.0,95.0,2375,17.5,70,1
Saab 99GLE,21.6,4,121.0,115.0,2795,15.7,78,1
Saab 99LE,24.0,4,121.0,110.0,2660,14.0,73,1
Saab 99LE,25.0,4,121.0,115.0,2671,13.5,75,1
Subaru DL,30.0,4,97.0,67.0,1985,16.4,77,0
Subaru DL,33.8,4,97.0,67.0,2145,18.0,80,0
Subaru,26.0,4,108.0,93.0,2391,15.5,74,1
Subaru,32.3,4,97.0,67.0,2065,17.8,81,0
Toyota Carina,20.0,4,97.0,88.0,2279,19.0,73,1
Toyota Celica GT Liftback,21.1,4,134.0,95.0,2515,14.8,78,1
Toyota Celica GT,32.0,4,144.0,96.0,2665,13.9,82,0
Toyota Corolla 1200,31.0,4,71.0,65.0,1773,19.0,71,1
Toyota Corolla 1200,32.0,4,71.0,65.0,1836,21.0,74,1
Toyota Corolla 1600 (Wagon),27.0,4,97.0,88.0,2100,16.5,72,1
Toyota Corolla Liftback,26.0,4,97.0,75.0,2265,18.2,77,1
Toyota Corolla Tercel,38.1,4,89.0,60.0,1968,18.8,80,0
Toyota Corolla,28.0,4,97.0,75.0,2155,16.4,76,1
Toyota Corolla,29.0,4,97.0,75.0,2171,16.0,75,1
Toyota Corolla,32.2,4,108.0,75.0,2265,15.2,80,0
Toyota Corolla,32.4,4,108.0,75.0,2350,16.8,81,0
Toyota Corolla,34.0,4,108.0,70.0,2245,16.9,82,0
Toyota Corona Hardtop,24.0,4,113.0,95.0,2278,15.5,72,1
Toyota Corona Liftback,29.8,4,134.0,90.0,2711,15.5,80,0
Toyota Corona Mark II,24.0,4,113.0,95.0,2372,15.0,70,1
Toyota Corona,24.0,4,134.0,96.0,2702,13.5,75,1
Toyota Corona,25.0,4,113.0,95.0,2228,14.0,71,1
Toyota Corona,27.5,4,134.0,95.0,2560,14.2,78,0
Toyota Corona,31.0,4,76.0,52.0,1649,16.5,74,1
Toyota Cressida,25.4,6,168.0,116.0,2900,12.6,81,2
Toyota Mark II,19.0,6,156.0,108.0,2930,15.5,76,2
Toyota Mark II,20.0,6,156.0,122.0,2807,13.5,73,2
Toyota Starlet,39.1,4,79.0,58.0,1755,16.9,81,0
Toyota Tercel,37.7,4,89.0,62.0,2050,17.3,81,0
Toyouta Corona Mark II (Wagon),23.0,4,120.0,97.0,2506,14.5,72,1
Triumph TR7 Coupe,35.0,4,122.0,88.0,2500,15.1,80,0
Vokswagen Rabbit,29.8,4,89.0,62.0,1845,15.3,80,0
Volkswagen 1131 Deluxe Sedan,26.0,4,97.0,46.0,1835,20.5,70,1
Volkswagen 411 (Wagon),22.0,4,121.0,76.0,2511,18.0,72,1
Volkswagen Dasher (Diesel),43.4,4,90.0,48.0,2335,23.7,80,0
Volkswagen Dasher,25.0,4,90.0,71.0,2223,16.5,75,1
Volkswagen Dasher,26.0,4,79.0,67.0,1963,15.5,74,1
Volkswagen Dasher,30.5,4,97.0,78.0,2190,14.1,77,0
Volkswagen Jetta,33.0,4,105.0,74.0,2190,14.2,81,0
Volkswagen Model 111,27.0,4,97.0,60.0,1834,19.0,71,1
Volkswagen Pickup,44.0,4,97.0,52.0,2130,24.6,82,0
Volkswagen Rabbit C (Diesel),44.3,4,90.0,48.0,2085,21.7,80,0
Volkswagen Rabbit Custom Diesel,43.1,4,90.0,48.0,1985,21.5,78,0
Volkswagen Rabbit Custom,29.0,4,97.0,78.0,1940,14.5,77,0
Volkswagen Rabbit Custom,31.9,4,89.0,71.0,1925,14.0,79,0
Volkswagen Rabbit L,36.0,4,105.0,74.0,1980,15.3,82,0
Volkswagen Rabbit,29.0,4,90.0,70.0,1937,14.0,75,1
Volkswagen Rabbit,29.0,4,90.0,70.0,1937,14.2,76,1
Volkswagen Rabbit,29.5,4,97.0,71.0,1825,12.2,76,1
Volkswagen Rabbit,41.5,4,98.0,76.0,2144,14.7,80,0
Volkswagen Scirocco,31.5,4,89.0,71.0,1990,14.9,78,0
Volkswagen Super Beetle,26.0,4,97.0,46.0,1950,21.0,73,1
Volkswagen Type 3,23.0,4,97.0,54.0,2254,23.5,72,1
Volvo 144EA,19.0,4,121.0,112.0,2868,15.5,73,1
Volvo 145E (Wagon),18.0,4,121.0,112.0,2933,14.5,72,1
Volvo 244DL,22.0,4,121.0,98.0,2945,14.5,75,1
Volvo 245,20.0,4,130.0,102.0,3150,15.7,76,1
Volvo 264GL,17.0,6,163.0,125.0,3140,13.6,78,2
Volvo Diesel,30.7,6,145.0,76.0,3160,19.6,81,0
